{
  "train": {
    "accuracy": 0.9411820330969267,
    "precision": 0.7869774919614148,
    "recall": 0.9983974358974359,
    "f1": 0.8801695350629335,
    "roc_auc": 0.9978783610299841,
    "support_positive": 6864,
    "support_total": 31725
  },
  "test": {
    "accuracy": 0.9244831064044378,
    "precision": 0.7503361721201255,
    "recall": 0.9755244755244755,
    "f1": 0.8482391689891057,
    "roc_auc": 0.9892359892359893,
    "support_positive": 1716,
    "support_total": 7932
  }
}