{
  "train": {
    "accuracy": 0.9894259818731118,
    "precision": 0.9858657243816255,
    "recall": 0.9653979238754326,
    "f1": 0.9755244755244755,
    "roc_auc": 0.9968005616568878,
    "support_positive": 289,
    "support_total": 1324
  },
  "test": {
    "accuracy": 0.9758308157099698,
    "precision": 0.9705882352941176,
    "recall": 0.9166666666666666,
    "f1": 0.9428571428571428,
    "roc_auc": 0.984984984984985,
    "support_positive": 72,
    "support_total": 331
  }
}