{
  "train": {
    "accuracy": 0.9856495468277946,
    "precision": 0.9383116883116883,
    "recall": 1.0,
    "f1": 0.9681742043551089,
    "roc_auc": 0.9995085502231582,
    "support_positive": 289,
    "support_total": 1324
  },
  "test": {
    "accuracy": 0.9425981873111783,
    "precision": 0.8441558441558441,
    "recall": 0.9027777777777778,
    "f1": 0.87248322147651,
    "roc_auc": 0.9790862290862291,
    "support_positive": 72,
    "support_total": 331
  }
}